domain,resource,action,method,path_official,path_local,status,param_gaps,body_diff,pagination,auth,headers_needed,error_model,stability,deprecation,notes
Buckets,api,ListFiles,GET,api/Buckets/{id}/ListFiles,,Missing,id,,,OAuth2 bearer,X-UIPATH-OrganizationUnitId,unknown,official,False,
DirectoryService,api,GetDirectoryPermissions,GET,api/DirectoryService/GetDirectoryPermissions,,Missing,,,,OAuth2 bearer,,unknown,official,False,
DirectoryService,api,GetDomains,GET,api/DirectoryService/GetDomains,,Missing,,,,OAuth2 bearer,,unknown,official,False,
DirectoryService,api,GetDomainUserId,GET,api/DirectoryService/GetDomainUserId,,Missing,,,,OAuth2 bearer,,unknown,official,False,
DirectoryService,api,SearchForUsersAndGroups,GET,api/DirectoryService/SearchForUsersAndGroups,,Missing,,,,OAuth2 bearer,,unknown,official,False,
Folders,api,DeleteByKey,DELETE,api/Folders/DeleteByKey,,Missing,,,,OAuth2 bearer,,unknown,official,False,
Folders,api,GetAllForCurrentUser,GET,api/Folders/GetAllForCurrentUser,,Missing,,,,OAuth2 bearer,,unknown,official,False,
Folders,api,PatchNameDescription,PATCH,api/Folders/PatchNameDescription,,Missing,,,,OAuth2 bearer,,unknown,official,False,
FoldersNavigation,api,GetAllFoldersForCurrentUser,GET,api/FoldersNavigation/GetAllFoldersForCurrentUser,,Missing,,,,OAuth2 bearer,,unknown,official,False,
FoldersNavigation,api,GetAllRolesForUser,GET,api/FoldersNavigation/GetAllRolesForUser,,Missing,,,,OAuth2 bearer,,unknown,official,False,
FoldersNavigation,api,GetFolderNavigationContextForCurrentUser,GET,api/FoldersNavigation/GetFolderNavigationContextForCurrentUser,,Missing,,,,OAuth2 bearer,,unknown,official,False,
FoldersNavigation,api,GetFoldersForCurrentUser,GET,api/FoldersNavigation/GetFoldersForCurrentUser,,Missing,,,,OAuth2 bearer,,unknown,official,False,
JobTriggers,api,DeliverPayload,POST,api/JobTriggers/DeliverPayload/{inboxId},,Missing,inboxId,,,OAuth2 bearer,X-UIPATH-OrganizationUnitId,unknown,official,False,
JobTriggers,api,GetPayload,GET,api/JobTriggers/GetPayload/{inboxId},,Missing,inboxId,,,OAuth2 bearer,X-UIPATH-OrganizationUnitId,unknown,official,False,
Licensing,api,Acquire,POST,api/Licensing/Acquire,,Missing,,,,OAuth2 bearer,,unknown,official,False,
Licensing,api,Release,PUT,api/Licensing/Release,,Missing,,,,OAuth2 bearer,,unknown,official,False,
Logs,api,Logs,POST,api/Logs,,Missing,,,,OAuth2 bearer,,unknown,official,True,
Logs,api,SubmitLogs,POST,api/Logs/SubmitLogs,,Missing,,,,OAuth2 bearer,,unknown,official,False,
Maintenance,api,End,POST,api/Maintenance/End,,Missing,,,,OAuth2 bearer,,unknown,official,False,
Maintenance,api,Get,GET,api/Maintenance/Get,,Missing,,,,OAuth2 bearer,,unknown,official,False,
Maintenance,api,Start,POST,api/Maintenance/Start,,Missing,,,,OAuth2 bearer,,unknown,official,False,
PackageFeeds,api,GetFolderFeed,GET,api/PackageFeeds/GetFolderFeed,,Missing,,,,OAuth2 bearer,,unknown,official,False,
Releases,api,DeleteByKey,DELETE,api/Releases/DeleteByKey,,Missing,,,,OAuth2 bearer,,unknown,official,False,
Stats,api,GetConsumptionLicenseStats,GET,api/Stats/GetConsumptionLicenseStats,,Missing,,,,OAuth2 bearer,,unknown,official,False,
Stats,api,GetCountStats,GET,api/Stats/GetCountStats,,Missing,,,,OAuth2 bearer,,unknown,official,False,
Stats,api,GetJobsStats,GET,api/Stats/GetJobsStats,,Missing,,,,OAuth2 bearer,,unknown,official,False,
Stats,api,GetLicenseStats,GET,api/Stats/GetLicenseStats,,Missing,,,,OAuth2 bearer,,unknown,official,False,
Stats,api,GetSessionsStats,GET,api/Stats/GetSessionsStats,,Missing,,,,OAuth2 bearer,,unknown,official,False,
Status,api,Get,GET,api/Status/Get,,Missing,,,,OAuth2 bearer,,unknown,official,False,
Status,api,VerifyHostAvailibility,GET,api/Status/VerifyHostAvailibility,,Missing,,,,OAuth2 bearer,,unknown,official,False,
TestAutomation,api,CancelTestCaseExecution,POST,api/TestAutomation/CancelTestCaseExecution,,Missing,,,,OAuth2 bearer,X-UIPATH-OrganizationUnitId,unknown,official,False,
TestAutomation,api,CancelTestSetExecution,POST,api/TestAutomation/CancelTestSetExecution,,Missing,,,,OAuth2 bearer,X-UIPATH-OrganizationUnitId,unknown,official,False,
TestAutomation,api,CreateTestSetForReleaseVersion,POST,api/TestAutomation/CreateTestSetForReleaseVersion,,Missing,,,,OAuth2 bearer,X-UIPATH-OrganizationUnitId,unknown,official,False,
TestAutomation,api,GetAssertionScreenshot,GET,api/TestAutomation/GetAssertionScreenshot,,Missing,,,,OAuth2 bearer,X-UIPATH-OrganizationUnitId,unknown,official,False,
TestAutomation,api,GetPackageInfoByTestCaseUniqueId,GET,api/TestAutomation/GetPackageInfoByTestCaseUniqueId,,Missing,,,,OAuth2 bearer,,unknown,official,False,
TestAutomation,api,GetReleasesForPackageVersion,GET,api/TestAutomation/GetReleasesForPackageVersion,,Missing,,,,OAuth2 bearer,X-UIPATH-OrganizationUnitId,unknown,official,False,
TestAutomation,api,GetTestCaseExecutionAttachment,GET,api/TestAutomation/GetTestCaseExecutionAttachment,,Missing,,,,OAuth2 bearer,X-UIPATH-OrganizationUnitId,unknown,official,False,
TestAutomation,api,GetTestCaseExecutionAttachments,POST,api/TestAutomation/GetTestCaseExecutionAttachments,,Missing,,,,OAuth2 bearer,X-UIPATH-OrganizationUnitId,unknown,official,False,
TestAutomation,api,GetTestSetExecutionAttachment,GET,api/TestAutomation/GetTestSetExecutionAttachment,,Missing,,,,OAuth2 bearer,X-UIPATH-OrganizationUnitId,unknown,official,False,
TestAutomation,api,GetTestSetExecutionAttachments,POST,api/TestAutomation/GetTestSetExecutionAttachments,,Missing,,,,OAuth2 bearer,X-UIPATH-OrganizationUnitId,unknown,official,False,
TestAutomation,api,ReexecuteTestCases,POST,api/TestAutomation/ReexecuteTestCases,,Missing,,,,OAuth2 bearer,X-UIPATH-OrganizationUnitId,unknown,official,False,
TestAutomation,api,StartTestSetExecution,POST,api/TestAutomation/StartTestSetExecution,,Missing,,,,OAuth2 bearer,X-UIPATH-OrganizationUnitId,unknown,official,False,
TestAutomation,api,StartTestSetExecutionWithOptions,POST,api/TestAutomation/StartTestSetExecutionWithOptions,,Missing,,,,OAuth2 bearer,X-UIPATH-OrganizationUnitId,unknown,official,False,
TestDataQueueActions,api,AddItem,POST,api/TestDataQueueActions/AddItem,,Missing,,,,OAuth2 bearer,X-UIPATH-OrganizationUnitId,unknown,official,False,
TestDataQueueActions,api,BulkAddItems,POST,api/TestDataQueueActions/BulkAddItems,,Missing,,,,OAuth2 bearer,X-UIPATH-OrganizationUnitId,unknown,official,False,
TestDataQueueActions,api,DeleteAllItems,DELETE,api/TestDataQueueActions/DeleteAllItems,,Missing,,,,OAuth2 bearer,X-UIPATH-OrganizationUnitId,unknown,official,False,
TestDataQueueActions,api,DeleteItems,DELETE,api/TestDataQueueActions/DeleteItems,,Missing,,,,OAuth2 bearer,X-UIPATH-OrganizationUnitId,unknown,official,False,
TestDataQueueActions,api,GetNextItem,POST,api/TestDataQueueActions/GetNextItem,,Missing,,,,OAuth2 bearer,X-UIPATH-OrganizationUnitId,unknown,official,False,
TestDataQueueActions,api,SetAllItemsConsumed,POST,api/TestDataQueueActions/SetAllItemsConsumed,,Missing,,,,OAuth2 bearer,X-UIPATH-OrganizationUnitId,unknown,official,False,
TestDataQueueActions,api,SetItemsConsumed,POST,api/TestDataQueueActions/SetItemsConsumed,,Missing,,,,OAuth2 bearer,X-UIPATH-OrganizationUnitId,unknown,official,False,
Translations,api,GetTranslations,GET,api/Translations/GetTranslations,,Missing,,,,OAuth2 bearer,,unknown,official,False,
TaskForms,forms,BulkCompleteTasks,POST,forms/TaskForms/BulkCompleteTasks,,Missing,,,,OAuth2 bearer,X-UIPATH-OrganizationUnitId,unknown,official,False,
TaskForms,forms,BulkUpdateTasks,PUT,forms/TaskForms/BulkUpdateTasks,,Missing,,,,OAuth2 bearer,X-UIPATH-OrganizationUnitId,unknown,official,False,
TaskForms,forms,CompleteTask,POST,forms/TaskForms/CompleteTask,,Missing,,,,OAuth2 bearer,X-UIPATH-OrganizationUnitId,unknown,official,False,
TaskForms,forms,CreateFormTask,POST,forms/TaskForms/CreateFormTask,,Missing,,,,OAuth2 bearer,X-UIPATH-OrganizationUnitId,unknown,official,False,
TaskForms,forms,GetTaskDataById,GET,forms/TaskForms/GetTaskDataById,,Missing,,,,OAuth2 bearer,X-UIPATH-OrganizationUnitId,unknown,official,False,
TaskForms,forms,GetTaskFormById,GET,forms/TaskForms/GetTaskFormById,,Missing,,,,OAuth2 bearer,X-UIPATH-OrganizationUnitId,unknown,official,False,
TaskForms,forms,SaveAndReassignTask,POST,forms/TaskForms/SaveAndReassignTask,,Missing,,,,OAuth2 bearer,X-UIPATH-OrganizationUnitId,unknown,official,False,
TaskForms,forms,SaveTaskData,PUT,forms/TaskForms/SaveTaskData,,Missing,,,,OAuth2 bearer,X-UIPATH-OrganizationUnitId,unknown,official,False,
Alerts,odata,Alerts,GET,odata/Alerts,,Missing,,,,OAuth2 bearer,,unknown,official,True,
Alerts,odata,UiPath.Server.Configuration.OData.GetUnreadCount,GET,odata/Alerts/UiPath.Server.Configuration.OData.GetUnreadCount,,Missing,,,,OAuth2 bearer,,unknown,official,True,
Alerts,odata,UiPath.Server.Configuration.OData.MarkAsRead,POST,odata/Alerts/UiPath.Server.Configuration.OData.MarkAsRead,,Missing,,,,OAuth2 bearer,,unknown,official,True,
Alerts,odata,UiPath.Server.Configuration.OData.RaiseProcessAlert,POST,odata/Alerts/UiPath.Server.Configuration.OData.RaiseProcessAlert,,Missing,,,,OAuth2 bearer,,unknown,official,True,
Assets,odata,Assets,GET,odata/Assets,,Missing,,,,OAuth2 bearer,X-UIPATH-OrganizationUnitId,unknown,official,True,
Assets,odata,Assets,POST,odata/Assets,,Missing,,,,OAuth2 bearer,X-UIPATH-OrganizationUnitId,unknown,official,False,
Assets,odata,Assets({key}),GET,odata/Assets({key}),,Missing,key,,,OAuth2 bearer,X-UIPATH-OrganizationUnitId,unknown,official,False,
Assets,odata,Assets({key}),PUT,odata/Assets({key}),,Missing,key,,,OAuth2 bearer,X-UIPATH-OrganizationUnitId,unknown,official,False,
Assets,odata,Assets({key}),DELETE,odata/Assets({key}),,Missing,key,,,OAuth2 bearer,X-UIPATH-OrganizationUnitId,unknown,official,False,
Assets,odata,UiPath.Server.Configuration.OData.GetAssetsAcrossFolders,GET,odata/Assets/UiPath.Server.Configuration.OData.GetAssetsAcrossFolders,,Missing,,,,OAuth2 bearer,X-UIPATH-OrganizationUnitId,unknown,official,False,
Assets,odata,UiPath.Server.Configuration.OData.GetFiltered,GET,odata/Assets/UiPath.Server.Configuration.OData.GetFiltered,,Missing,,,,OAuth2 bearer,X-UIPATH-OrganizationUnitId,unknown,official,False,
Assets,odata,UiPath.Server.Configuration.OData.GetFoldersForAsset(id={id}),GET,odata/Assets/UiPath.Server.Configuration.OData.GetFoldersForAsset(id={id}),,Missing,id,,,OAuth2 bearer,X-UIPATH-OrganizationUnitId,unknown,official,False,
Assets,odata,"UiPath.Server.Configuration.OData.GetRobotAsset(robotId='{robotId}',assetName='{assetName}')",GET,"odata/Assets/UiPath.Server.Configuration.OData.GetRobotAsset(robotId='{robotId}',assetName='{assetName}')",,Missing,robotId;assetName,,,OAuth2 bearer,X-UIPATH-OrganizationUnitId,unknown,official,True,
Assets,odata,UiPath.Server.Configuration.OData.GetRobotAssetByNameForRobotKey,POST,odata/Assets/UiPath.Server.Configuration.OData.GetRobotAssetByNameForRobotKey,,Missing,,,,OAuth2 bearer,X-UIPATH-OrganizationUnitId,unknown,official,False,
Assets,odata,"UiPath.Server.Configuration.OData.GetRobotAssetByRobotId(robotId={robotId},assetName='{assetName}')",GET,"odata/Assets/UiPath.Server.Configuration.OData.GetRobotAssetByRobotId(robotId={robotId},assetName='{assetName}')",,Missing,robotId;assetName,,,OAuth2 bearer,X-UIPATH-OrganizationUnitId,unknown,official,False,
Assets,odata,UiPath.Server.Configuration.OData.SetRobotAssetByRobotKey,POST,odata/Assets/UiPath.Server.Configuration.OData.SetRobotAssetByRobotKey,,Missing,,,,OAuth2 bearer,X-UIPATH-OrganizationUnitId,unknown,official,False,
Assets,odata,UiPath.Server.Configuration.OData.ShareToFolders,POST,odata/Assets/UiPath.Server.Configuration.OData.ShareToFolders,,Missing,,,,OAuth2 bearer,X-UIPATH-OrganizationUnitId,unknown,official,False,
Attachments,odata,Attachments,POST,odata/Attachments,,Missing,,,,OAuth2 bearer,,unknown,official,False,
Attachments,odata,Attachments({key}),GET,odata/Attachments({key}),,Missing,key,,,OAuth2 bearer,,unknown,official,False,
Attachments,odata,Attachments({key}),DELETE,odata/Attachments({key}),,Missing,key,,,OAuth2 bearer,,unknown,official,False,
AuditLogs,odata,AuditLogs,GET,odata/AuditLogs,,Missing,,,,OAuth2 bearer,x-UIPATH-AuditedService,unknown,official,False,
AuditLogs,odata,UiPath.Server.Configuration.OData.Export,POST,odata/AuditLogs/UiPath.Server.Configuration.OData.Export,,Missing,,,,OAuth2 bearer,,unknown,official,False,
AuditLogs,odata,UiPath.Server.Configuration.OData.GetAuditLogDetails(auditLogId={auditLogId}),GET,odata/AuditLogs/UiPath.Server.Configuration.OData.GetAuditLogDetails(auditLogId={auditLogId}),,Missing,auditLogId,,,OAuth2 bearer,x-UIPATH-AuditedService,unknown,official,False,
Buckets,odata,Buckets,POST,odata/Buckets,,Missing,,,,OAuth2 bearer,X-UIPATH-OrganizationUnitId,unknown,official,False,
Buckets,odata,Buckets,GET,odata/Buckets,,Missing,,,,OAuth2 bearer,X-UIPATH-OrganizationUnitId,unknown,official,False,
Buckets,odata,Buckets({key}),GET,odata/Buckets({key}),,Missing,key,,,OAuth2 bearer,X-UIPATH-OrganizationUnitId,unknown,official,False,
Buckets,odata,Buckets({key}),DELETE,odata/Buckets({key}),,Missing,key,,,OAuth2 bearer,X-UIPATH-OrganizationUnitId,unknown,official,False,
Buckets,odata,Buckets({key}),PUT,odata/Buckets({key}),,Missing,key,,,OAuth2 bearer,X-UIPATH-OrganizationUnitId,unknown,official,False,
Buckets,odata,UiPath.Server.Configuration.OData.DeleteFile,DELETE,odata/Buckets({key})/UiPath.Server.Configuration.OData.DeleteFile,,Missing,key,,,OAuth2 bearer,X-UIPATH-OrganizationUnitId,unknown,official,False,
Buckets,odata,UiPath.Server.Configuration.OData.GetDirectories,GET,odata/Buckets({key})/UiPath.Server.Configuration.OData.GetDirectories,,Missing,key,,,OAuth2 bearer,X-UIPATH-OrganizationUnitId,unknown,official,False,
Buckets,odata,UiPath.Server.Configuration.OData.GetFile,GET,odata/Buckets({key})/UiPath.Server.Configuration.OData.GetFile,,Missing,key,,,OAuth2 bearer,X-UIPATH-OrganizationUnitId,unknown,official,False,
Buckets,odata,UiPath.Server.Configuration.OData.GetFiles,GET,odata/Buckets({key})/UiPath.Server.Configuration.OData.GetFiles,,Missing,key,,,OAuth2 bearer,X-UIPATH-OrganizationUnitId,unknown,official,False,
Buckets,odata,UiPath.Server.Configuration.OData.GetReadUri,GET,odata/Buckets({key})/UiPath.Server.Configuration.OData.GetReadUri,,Missing,key,,,OAuth2 bearer,X-UIPATH-OrganizationUnitId,unknown,official,False,
Buckets,odata,UiPath.Server.Configuration.OData.GetWriteUri,GET,odata/Buckets({key})/UiPath.Server.Configuration.OData.GetWriteUri,,Missing,key,,,OAuth2 bearer,X-UIPATH-OrganizationUnitId,unknown,official,False,
Buckets,odata,UiPath.Server.Configuration.OData.GetBucketsAcrossFolders,GET,odata/Buckets/UiPath.Server.Configuration.OData.GetBucketsAcrossFolders,,Missing,,,,OAuth2 bearer,X-UIPATH-OrganizationUnitId,unknown,official,False,
Buckets,odata,UiPath.Server.Configuration.OData.GetFoldersForBucket(id={id}),GET,odata/Buckets/UiPath.Server.Configuration.OData.GetFoldersForBucket(id={id}),,Missing,id,,,OAuth2 bearer,X-UIPATH-OrganizationUnitId,unknown,official,False,
Buckets,odata,UiPath.Server.Configuration.OData.ShareToFolders,POST,odata/Buckets/UiPath.Server.Configuration.OData.ShareToFolders,,Missing,,,,OAuth2 bearer,X-UIPATH-OrganizationUnitId,unknown,official,False,
BusinessRules,odata,BusinessRules,GET,odata/BusinessRules,,Missing,,,,OAuth2 bearer,X-UIPATH-OrganizationUnitId,unknown,official,False,
BusinessRules,odata,BusinessRules,POST,odata/BusinessRules,,Missing,file;businessRule,,,OAuth2 bearer,X-UIPATH-OrganizationUnitId,unknown,official,False,
BusinessRules,odata,BusinessRules({key}),GET,odata/BusinessRules({key}),,Missing,key,,,OAuth2 bearer,X-UIPATH-OrganizationUnitId,unknown,official,False,
BusinessRules,odata,BusinessRules({key}),PUT,odata/BusinessRules({key}),,Missing,key;businessRule,,,OAuth2 bearer,X-UIPATH-OrganizationUnitId,unknown,official,False,
BusinessRules,odata,BusinessRules({key}),DELETE,odata/BusinessRules({key}),,Missing,key,,,OAuth2 bearer,X-UIPATH-OrganizationUnitId,unknown,official,False,
BusinessRules,odata,UiPath.Server.Configuration.OData.GetBusinessRulesAcrossFolders,GET,odata/BusinessRules/UiPath.Server.Configuration.OData.GetBusinessRulesAcrossFolders,,Missing,,,,OAuth2 bearer,X-UIPATH-OrganizationUnitId,unknown,official,False,
BusinessRules,odata,UiPath.Server.Configuration.OData.GetFoldersForBusinessRule(id={id}),GET,odata/BusinessRules/UiPath.Server.Configuration.OData.GetFoldersForBusinessRule(id={id}),,Missing,id,,,OAuth2 bearer,X-UIPATH-OrganizationUnitId,unknown,official,False,
BusinessRules,odata,UiPath.Server.Configuration.OData.GetReadUri(name='{name}'),GET,odata/BusinessRules/UiPath.Server.Configuration.OData.GetReadUri(name='{name}'),,Missing,name,,,OAuth2 bearer,X-UIPATH-OrganizationUnitId,unknown,official,False,
BusinessRules,odata,UiPath.Server.Configuration.OData.GetVersionList(id={id}),GET,odata/BusinessRules/UiPath.Server.Configuration.OData.GetVersionList(id={id}),,Missing,id,,,OAuth2 bearer,X-UIPATH-OrganizationUnitId,unknown,official,False,
BusinessRules,odata,UiPath.Server.Configuration.OData.ShareToFolders,POST,odata/BusinessRules/UiPath.Server.Configuration.OData.ShareToFolders,,Missing,,,,OAuth2 bearer,X-UIPATH-OrganizationUnitId,unknown,official,False,
Calendars,odata,Calendars,GET,odata/Calendars,,Missing,,,,OAuth2 bearer,,unknown,official,False,
Calendars,odata,Calendars,POST,odata/Calendars,,Missing,,,,OAuth2 bearer,,unknown,official,False,
Calendars,odata,Calendars({key}),GET,odata/Calendars({key}),,Missing,key,,,OAuth2 bearer,,unknown,official,False,
Calendars,odata,Calendars({key}),PUT,odata/Calendars({key}),,Missing,key,,,OAuth2 bearer,,unknown,official,False,
Calendars,odata,Calendars({key}),DELETE,odata/Calendars({key}),,Missing,key,,,OAuth2 bearer,,unknown,official,False,
Calendars,odata,UiPath.Server.Configuration.OData.CalendarExists,POST,odata/Calendars/UiPath.Server.Configuration.OData.CalendarExists,,Missing,,,,OAuth2 bearer,,unknown,official,False,
CredentialStores,odata,CredentialStores,GET,odata/CredentialStores,,Missing,,,,OAuth2 bearer,,unknown,official,False,
CredentialStores,odata,CredentialStores,POST,odata/CredentialStores,,Missing,,,,OAuth2 bearer,,unknown,official,False,
CredentialStores,odata,CredentialStores({key}),GET,odata/CredentialStores({key}),,Missing,key,,,OAuth2 bearer,,unknown,official,False,
CredentialStores,odata,CredentialStores({key}),PUT,odata/CredentialStores({key}),,Missing,key,,,OAuth2 bearer,,unknown,official,False,
CredentialStores,odata,CredentialStores({key}),DELETE,odata/CredentialStores({key}),,Missing,key,,,OAuth2 bearer,,unknown,official,False,
CredentialStores,odata,UiPath.Server.Configuration.OData.SetDefaultStoreForResourceType,POST,odata/CredentialStores({key})/UiPath.Server.Configuration.OData.SetDefaultStoreForResourceType,,Missing,key,,,OAuth2 bearer,,unknown,official,False,
CredentialStores,odata,UiPath.Server.Configuration.OData.GetAvailableCredentialStoreTypes,GET,odata/CredentialStores/UiPath.Server.Configuration.OData.GetAvailableCredentialStoreTypes,,Missing,,,,OAuth2 bearer,,unknown,official,False,
CredentialStores,odata,UiPath.Server.Configuration.OData.GetDefaultStoreForResourceType(resourceType='{resourceType}'),GET,odata/CredentialStores/UiPath.Server.Configuration.OData.GetDefaultStoreForResourceType(resourceType='{resourceType}'),,Missing,resourceType,,,OAuth2 bearer,,unknown,official,False,
CredentialStores,odata,"UiPath.Server.Configuration.OData.GetResourcesForCredentialsProxyResourceTypes(key={key},resourceType='{resourceType}')",GET,"odata/CredentialStores/UiPath.Server.Configuration.OData.GetResourcesForCredentialsProxyResourceTypes(key={key},resourceType='{resourceType}')",,Missing,key;resourceType,,,OAuth2 bearer,,unknown,official,False,
CredentialStores,odata,"UiPath.Server.Configuration.OData.GetResourcesForCredentialStoreTypes(key={key},resourceType='{resourceType}')",GET,"odata/CredentialStores/UiPath.Server.Configuration.OData.GetResourcesForCredentialStoreTypes(key={key},resourceType='{resourceType}')",,Missing,key;resourceType,,,OAuth2 bearer,,unknown,official,False,
ExecutionMedia,odata,ExecutionMedia,GET,odata/ExecutionMedia,,Missing,,,,OAuth2 bearer,X-UIPATH-OrganizationUnitId,unknown,official,False,
ExecutionMedia,odata,ExecutionMedia({key}),GET,odata/ExecutionMedia({key}),,Missing,key,,,OAuth2 bearer,X-UIPATH-OrganizationUnitId,unknown,official,False,
ExecutionMedia,odata,UiPath.Server.Configuration.OData.DeleteMediaByJobId,POST,odata/ExecutionMedia/UiPath.Server.Configuration.OData.DeleteMediaByJobId,,Missing,,,,OAuth2 bearer,X-UIPATH-OrganizationUnitId,unknown,official,False,
ExecutionMedia,odata,UiPath.Server.Configuration.OData.DownloadMediaByJobId(jobId={jobId}),GET,odata/ExecutionMedia/UiPath.Server.Configuration.OData.DownloadMediaByJobId(jobId={jobId}),,Missing,jobId,,,OAuth2 bearer,X-UIPATH-OrganizationUnitId,unknown,official,False,
Exports,odata,Exports({key}),GET,odata/Exports({key}),,Missing,key,,,OAuth2 bearer,,unknown,official,False,
Exports,odata,UiPath.Server.Configuration.OData.GetDownloadLink,GET,odata/Exports({key})/UiPath.Server.Configuration.OData.GetDownloadLink,,Missing,key,,,OAuth2 bearer,,unknown,official,False,
Folders,odata,Folders,GET,odata/Folders,,Missing,,,,OAuth2 bearer,,unknown,official,False,
Folders,odata,Folders,POST,odata/Folders,,Missing,,,,OAuth2 bearer,,unknown,official,False,
Folders,odata,UiPath.Server.Configuration.OData.MoveFolder,PUT,odata/Folders({folderId})/UiPath.Server.Configuration.OData.MoveFolder,,Missing,folderId,,,OAuth2 bearer,,unknown,official,False,
Folders,odata,Folders({key}),GET,odata/Folders({key}),,Missing,key,,,OAuth2 bearer,,unknown,official,False,
Folders,odata,Folders({key}),PUT,odata/Folders({key}),,Missing,key,,,OAuth2 bearer,,unknown,official,False,
Folders,odata,Folders({key}),DELETE,odata/Folders({key}),,Missing,key,,,OAuth2 bearer,,unknown,official,False,
Folders,odata,UiPath.Server.Configuration.OData.RemoveMachinesFromFolder,POST,odata/Folders({key})/UiPath.Server.Configuration.OData.RemoveMachinesFromFolder,,Missing,key,,,OAuth2 bearer,,unknown,official,False,
Folders,odata,UiPath.Server.Configuration.OData.RemoveUserFromFolder,POST,odata/Folders({key})/UiPath.Server.Configuration.OData.RemoveUserFromFolder,,Missing,key,,,OAuth2 bearer,,unknown,official,False,
Folders,odata,UiPath.Server.Configuration.OData.RemoveUserFromFolderByKey,POST,odata/Folders({key})/UiPath.Server.Configuration.OData.RemoveUserFromFolderByKey,,Missing,key,,,OAuth2 bearer,,unknown,official,False,
Folders,odata,UiPath.Server.Configuration.OData.AssignDomainUser,POST,odata/Folders/UiPath.Server.Configuration.OData.AssignDomainUser,,Missing,,,,OAuth2 bearer,,unknown,official,False,
Folders,odata,UiPath.Server.Configuration.OData.AssignMachines,POST,odata/Folders/UiPath.Server.Configuration.OData.AssignMachines,,Missing,,,,OAuth2 bearer,,unknown,official,False,
Folders,odata,UiPath.Server.Configuration.OData.AssignUsers,POST,odata/Folders/UiPath.Server.Configuration.OData.AssignUsers,,Missing,,,,OAuth2 bearer,,unknown,official,False,
Folders,odata,"UiPath.Server.Configuration.OData.GetAllRolesForUser(username='{username}',skip={skip},take={take})",GET,"odata/Folders/UiPath.Server.Configuration.OData.GetAllRolesForUser(username='{username}',skip={skip},take={take})",,Missing,username;skip;take,,,OAuth2 bearer,,unknown,official,False,
Folders,odata,UiPath.Server.Configuration.OData.GetByKey(identifier={identifier}),GET,odata/Folders/UiPath.Server.Configuration.OData.GetByKey(identifier={identifier}),,Missing,identifier,,,OAuth2 bearer,,unknown,official,False,
Folders,odata,UiPath.Server.Configuration.OData.GetMachinesForFolder(key={key}),GET,odata/Folders/UiPath.Server.Configuration.OData.GetMachinesForFolder(key={key}),,Missing,key,,,OAuth2 bearer,,unknown,official,False,
Folders,odata,UiPath.Server.Configuration.OData.GetMoveFolderMachinesChanges,GET,odata/Folders/UiPath.Server.Configuration.OData.GetMoveFolderMachinesChanges,,Missing,,,,OAuth2 bearer,,unknown,official,False,
Folders,odata,UiPath.Server.Configuration.OData.GetSubfoldersWithAssignedMachine,GET,odata/Folders/UiPath.Server.Configuration.OData.GetSubfoldersWithAssignedMachine,,Missing,,,,OAuth2 bearer,,unknown,official,False,
Folders,odata,"UiPath.Server.Configuration.OData.GetUsersForFolder(key={key},includeInherited={includeInherited})",GET,"odata/Folders/UiPath.Server.Configuration.OData.GetUsersForFolder(key={key},includeInherited={includeInherited})",,Missing,key;includeInherited,,,OAuth2 bearer,,unknown,official,False,
Folders,odata,UiPath.Server.Configuration.OData.ToggleFolderMachineInherit,POST,odata/Folders/UiPath.Server.Configuration.OData.ToggleFolderMachineInherit,,Missing,,,,OAuth2 bearer,,unknown,official,False,
Folders,odata,UiPath.Server.Configuration.OData.UpdateMachinesToFolderAssociations,POST,odata/Folders/UiPath.Server.Configuration.OData.UpdateMachinesToFolderAssociations,,Missing,,,,OAuth2 bearer,,unknown,official,False,
Jobs,odata,Jobs,GET,odata/Jobs,,Missing,,,,OAuth2 bearer,X-UIPATH-OrganizationUnitId,unknown,official,False,
Jobs,odata,Jobs({key}),GET,odata/Jobs({key}),,Missing,key,,,OAuth2 bearer,X-UIPATH-OrganizationUnitId,unknown,official,False,
Jobs,odata,UiPath.Server.Configuration.OData.StopJob,POST,odata/Jobs({key})/UiPath.Server.Configuration.OData.StopJob,,Missing,key,,,OAuth2 bearer,X-UIPATH-OrganizationUnitId,unknown,official,False,
Jobs,odata,UiPath.Server.Configuration.OData.ValidateExistingJob,POST,odata/Jobs({key})/UiPath.Server.Configuration.OData.ValidateExistingJob,,Missing,key,,,OAuth2 bearer,X-UIPATH-OrganizationUnitId,unknown,official,False,
Jobs,odata,UiPath.Server.Configuration.OData.Export,POST,odata/Jobs/UiPath.Server.Configuration.OData.Export,,Missing,,,,OAuth2 bearer,X-UIPATH-OrganizationUnitId,unknown,official,False,
Jobs,odata,UiPath.Server.Configuration.OData.RestartJob,POST,odata/Jobs/UiPath.Server.Configuration.OData.RestartJob,,Missing,,,,OAuth2 bearer,X-UIPATH-OrganizationUnitId,unknown,official,False,
Jobs,odata,UiPath.Server.Configuration.OData.ResumeJob,POST,odata/Jobs/UiPath.Server.Configuration.OData.ResumeJob,,Missing,,,,OAuth2 bearer,X-UIPATH-OrganizationUnitId,unknown,official,False,
Jobs,odata,UiPath.Server.Configuration.OData.StartJobs,POST,odata/Jobs/UiPath.Server.Configuration.OData.StartJobs,,Missing,,,,OAuth2 bearer,X-UIPATH-OrganizationUnitId,unknown,official,False,
Jobs,odata,UiPath.Server.Configuration.OData.StopJobs,POST,odata/Jobs/UiPath.Server.Configuration.OData.StopJobs,,Missing,,,,OAuth2 bearer,X-UIPATH-OrganizationUnitId,unknown,official,False,
Jobs,odata,UiPath.Server.Configuration.OData.ValidateDynamicJob,POST,odata/Jobs/UiPath.Server.Configuration.OData.ValidateDynamicJob,,Missing,,,,OAuth2 bearer,X-UIPATH-OrganizationUnitId,unknown,official,False,
JobTriggers,odata,JobTriggers,GET,odata/JobTriggers,,Missing,,,,OAuth2 bearer,X-UIPATH-OrganizationUnitId,unknown,official,False,
JobTriggers,odata,UiPath.Server.Configuration.OData.GetByJobKey(jobKey={jobKey}),GET,odata/JobTriggers/UiPath.Server.Configuration.OData.GetByJobKey(jobKey={jobKey}),,Missing,jobKey,,,OAuth2 bearer,X-UIPATH-OrganizationUnitId,unknown,official,False,
JobTriggers,odata,UiPath.Server.Configuration.OData.GetWithWaitEvents(jobId={jobId}),GET,odata/JobTriggers/UiPath.Server.Configuration.OData.GetWithWaitEvents(jobId={jobId}),,Missing,jobId,,,OAuth2 bearer,X-UIPATH-OrganizationUnitId,unknown,official,False,
Libraries,odata,Libraries,GET,odata/Libraries,,Missing,,,,OAuth2 bearer,,unknown,official,False,
Libraries,odata,Libraries('{key}'),DELETE,odata/Libraries('{key}'),,Missing,key,,,OAuth2 bearer,,unknown,official,False,
Libraries,odata,UiPath.Server.Configuration.OData.DownloadPackage(key='{key}'),GET,odata/Libraries/UiPath.Server.Configuration.OData.DownloadPackage(key='{key}'),,Missing,key,,,OAuth2 bearer,,unknown,official,False,
Libraries,odata,UiPath.Server.Configuration.OData.GetVersions(packageId='{packageId}'),GET,odata/Libraries/UiPath.Server.Configuration.OData.GetVersions(packageId='{packageId}'),,Missing,packageId,,,OAuth2 bearer,,unknown,official,False,
Libraries,odata,UiPath.Server.Configuration.OData.UploadPackage,POST,odata/Libraries/UiPath.Server.Configuration.OData.UploadPackage,,Missing,file,,,OAuth2 bearer,,unknown,official,False,
LicensesNamedUser,odata,UiPath.Server.Configuration.OData.GetLicensesNamedUser(robotType='{robotType}'),GET,odata/LicensesNamedUser/UiPath.Server.Configuration.OData.GetLicensesNamedUser(robotType='{robotType}'),,Missing,robotType,,,OAuth2 bearer,,unknown,official,False,
LicensesRuntime,odata,UiPath.Server.Configuration.OData.ToggleEnabled,POST,odata/LicensesRuntime('{key}')/UiPath.Server.Configuration.OData.ToggleEnabled,,Missing,key,,,OAuth2 bearer,,unknown,official,False,
LicensesRuntime,odata,UiPath.Server.Configuration.OData.GetLicensesRuntime(robotType='{robotType}'),GET,odata/LicensesRuntime/UiPath.Server.Configuration.OData.GetLicensesRuntime(robotType='{robotType}'),,Missing,robotType,,,OAuth2 bearer,,unknown,official,False,
Machines,odata,Machines,GET,odata/Machines,,Missing,,,,OAuth2 bearer,,unknown,official,False,
Machines,odata,Machines,POST,odata/Machines,,Missing,,,,OAuth2 bearer,,unknown,official,False,
Machines,odata,Machines({key}),GET,odata/Machines({key}),,Missing,key,,,OAuth2 bearer,,unknown,official,False,
Machines,odata,Machines({key}),PUT,odata/Machines({key}),,Missing,key,,,OAuth2 bearer,,unknown,official,False,
Machines,odata,Machines({key}),PATCH,odata/Machines({key}),,Missing,key,,,OAuth2 bearer,,unknown,official,False,
Machines,odata,Machines({key}),DELETE,odata/Machines({key}),,Missing,key,,,OAuth2 bearer,,unknown,official,False,
Machines,odata,UiPath.Server.Configuration.OData.DeleteBulk,POST,odata/Machines/UiPath.Server.Configuration.OData.DeleteBulk,,Missing,,,,OAuth2 bearer,,unknown,official,False,
Machines,odata,UiPath.Server.Configuration.OData.GetAssignedMachines(folderId={folderId}),GET,odata/Machines/UiPath.Server.Configuration.OData.GetAssignedMachines(folderId={folderId}),,Missing,folderId,,,OAuth2 bearer,,unknown,official,False,
Machines,odata,UiPath.Server.Configuration.OData.GetRuntimesForFolder(folderId={folderId}),GET,odata/Machines/UiPath.Server.Configuration.OData.GetRuntimesForFolder(folderId={folderId}),,Missing,folderId,,,OAuth2 bearer,,unknown,official,False,
Permissions,odata,Permissions,GET,odata/Permissions,,Missing,,,,OAuth2 bearer,,unknown,official,False,
PersonalWorkspaces,odata,PersonalWorkspaces,GET,odata/PersonalWorkspaces,,Missing,,,,OAuth2 bearer,,unknown,official,False,
PersonalWorkspaces,odata,UiPath.Server.Configuration.OData.ConvertToFolder,POST,odata/PersonalWorkspaces({key})/UiPath.Server.Configuration.OData.ConvertToFolder,,Missing,key,,,OAuth2 bearer,,unknown,official,False,
PersonalWorkspaces,odata,UiPath.Server.Configuration.OData.StartExploring,POST,odata/PersonalWorkspaces({key})/UiPath.Server.Configuration.OData.StartExploring,,Missing,key,,,OAuth2 bearer,,unknown,official,False,
PersonalWorkspaces,odata,UiPath.Server.Configuration.OData.StopExploring,POST,odata/PersonalWorkspaces({key})/UiPath.Server.Configuration.OData.StopExploring,,Missing,key,,,OAuth2 bearer,,unknown,official,False,
PersonalWorkspaces,odata,UiPath.Server.Configuration.OData.GetPersonalWorkspace,GET,odata/PersonalWorkspaces/UiPath.Server.Configuration.OData.GetPersonalWorkspace,,Missing,,,,OAuth2 bearer,,unknown,official,False,
Processes,odata,Processes,GET,odata/Processes,,Missing,,,,OAuth2 bearer,,unknown,official,False,
Processes,odata,Processes('{key}'),DELETE,odata/Processes('{key}'),,Missing,key,,,OAuth2 bearer,,unknown,official,False,
Processes,odata,UiPath.Server.Configuration.OData.DownloadPackage(key='{key}'),GET,odata/Processes/UiPath.Server.Configuration.OData.DownloadPackage(key='{key}'),,Missing,key,,,OAuth2 bearer,,unknown,official,False,
Processes,odata,UiPath.Server.Configuration.OData.GetArguments(key='{key}'),GET,odata/Processes/UiPath.Server.Configuration.OData.GetArguments(key='{key}'),,Missing,key,,,OAuth2 bearer,,unknown,official,False,
Processes,odata,UiPath.Server.Configuration.OData.GetProcessVersions(processId='{processId}'),GET,odata/Processes/UiPath.Server.Configuration.OData.GetProcessVersions(processId='{processId}'),,Missing,processId,,,OAuth2 bearer,,unknown,official,False,
Processes,odata,UiPath.Server.Configuration.OData.UploadPackage,POST,odata/Processes/UiPath.Server.Configuration.OData.UploadPackage,,Missing,file,,,OAuth2 bearer,,unknown,official,False,
ProcessSchedules,odata,ProcessSchedules,GET,odata/ProcessSchedules,,Missing,,,,OAuth2 bearer,X-UIPATH-OrganizationUnitId,unknown,official,False,
ProcessSchedules,odata,ProcessSchedules,POST,odata/ProcessSchedules,,Missing,,,,OAuth2 bearer,X-UIPATH-OrganizationUnitId,unknown,official,False,
ProcessSchedules,odata,ProcessSchedules({key}),GET,odata/ProcessSchedules({key}),,Missing,key,,,OAuth2 bearer,X-UIPATH-OrganizationUnitId,unknown,official,False,
ProcessSchedules,odata,ProcessSchedules({key}),PUT,odata/ProcessSchedules({key}),,Missing,key,,,OAuth2 bearer,X-UIPATH-OrganizationUnitId,unknown,official,False,
ProcessSchedules,odata,ProcessSchedules({key}),DELETE,odata/ProcessSchedules({key}),,Missing,key,,,OAuth2 bearer,X-UIPATH-OrganizationUnitId,unknown,official,False,
ProcessSchedules,odata,UiPath.Server.Configuration.OData.Activate,POST,odata/ProcessSchedules({key})/UiPath.Server.Configuration.OData.Activate,,Missing,key,,,OAuth2 bearer,X-UIPATH-OrganizationUnitId,unknown,official,False,
ProcessSchedules,odata,UiPath.Server.Configuration.OData.GetRobotIdsForSchedule(key={key}),GET,odata/ProcessSchedules/UiPath.Server.Configuration.OData.GetRobotIdsForSchedule(key={key}),,Missing,key,,,OAuth2 bearer,X-UIPATH-OrganizationUnitId,unknown,official,False,
ProcessSchedules,odata,UiPath.Server.Configuration.OData.SetEnabled,POST,odata/ProcessSchedules/UiPath.Server.Configuration.OData.SetEnabled,,Missing,,,,OAuth2 bearer,X-UIPATH-OrganizationUnitId,unknown,official,False,
ProcessSchedules,odata,UiPath.Server.Configuration.OData.ValidateProcessSchedule,POST,odata/ProcessSchedules/UiPath.Server.Configuration.OData.ValidateProcessSchedule,,Missing,,,,OAuth2 bearer,X-UIPATH-OrganizationUnitId,unknown,official,False,
QueueDefinitions,odata,QueueDefinitions,GET,odata/QueueDefinitions,,Missing,,,,OAuth2 bearer,X-UIPATH-OrganizationUnitId,unknown,official,False,
QueueDefinitions,odata,QueueDefinitions,POST,odata/QueueDefinitions,,Missing,,,,OAuth2 bearer,X-UIPATH-OrganizationUnitId,unknown,official,False,
QueueDefinitions,odata,QueueDefinitions({key}),GET,odata/QueueDefinitions({key}),,Missing,key,,,OAuth2 bearer,X-UIPATH-OrganizationUnitId,unknown,official,False,
QueueDefinitions,odata,QueueDefinitions({key}),PUT,odata/QueueDefinitions({key}),,Missing,key,,,OAuth2 bearer,X-UIPATH-OrganizationUnitId,unknown,official,False,
QueueDefinitions,odata,QueueDefinitions({key}),DELETE,odata/QueueDefinitions({key}),,Missing,key,,,OAuth2 bearer,X-UIPATH-OrganizationUnitId,unknown,official,False,
QueueDefinitions,odata,UiPathODataSvc.Export,POST,odata/QueueDefinitions({key})/UiPathODataSvc.Export,,Missing,key,,,OAuth2 bearer,X-UIPATH-OrganizationUnitId,unknown,official,False,
QueueDefinitions,odata,UiPathODataSvc.GetJsonSchemaDefinition(jsonSchemaType='{jsonSchemaType}'),GET,odata/QueueDefinitions({key})/UiPathODataSvc.GetJsonSchemaDefinition(jsonSchemaType='{jsonSchemaType}'),,Missing,key;jsonSchemaType,,,OAuth2 bearer,X-UIPATH-OrganizationUnitId,unknown,official,False,
QueueDefinitions,odata,UiPath.Server.Configuration.OData.GetByKey(identifier={identifier}),GET,odata/QueueDefinitions/UiPath.Server.Configuration.OData.GetByKey(identifier={identifier}),,Missing,identifier,,,OAuth2 bearer,X-UIPATH-OrganizationUnitId,unknown,official,False,
QueueDefinitions,odata,UiPath.Server.Configuration.OData.GetFoldersForQueue(id={id}),GET,odata/QueueDefinitions/UiPath.Server.Configuration.OData.GetFoldersForQueue(id={id}),,Missing,id,,,OAuth2 bearer,X-UIPATH-OrganizationUnitId,unknown,official,False,
QueueDefinitions,odata,UiPath.Server.Configuration.OData.GetQueuesAcrossFolders,GET,odata/QueueDefinitions/UiPath.Server.Configuration.OData.GetQueuesAcrossFolders,,Missing,,,,OAuth2 bearer,X-UIPATH-OrganizationUnitId,unknown,official,False,
QueueDefinitions,odata,UiPath.Server.Configuration.OData.ShareToFolders,POST,odata/QueueDefinitions/UiPath.Server.Configuration.OData.ShareToFolders,,Missing,,,,OAuth2 bearer,X-UIPATH-OrganizationUnitId,unknown,official,False,
QueueItemComments,odata,QueueItemComments,GET,odata/QueueItemComments,,Missing,,,,OAuth2 bearer,X-UIPATH-OrganizationUnitId,unknown,official,False,
QueueItemComments,odata,QueueItemComments,POST,odata/QueueItemComments,,Missing,,,,OAuth2 bearer,X-UIPATH-OrganizationUnitId,unknown,official,False,
QueueItemComments,odata,QueueItemComments({key}),GET,odata/QueueItemComments({key}),,Missing,key,,,OAuth2 bearer,X-UIPATH-OrganizationUnitId,unknown,official,False,
QueueItemComments,odata,QueueItemComments({key}),PUT,odata/QueueItemComments({key}),,Missing,key,,,OAuth2 bearer,X-UIPATH-OrganizationUnitId,unknown,official,False,
QueueItemComments,odata,QueueItemComments({key}),DELETE,odata/QueueItemComments({key}),,Missing,key,,,OAuth2 bearer,X-UIPATH-OrganizationUnitId,unknown,official,False,
QueueItemComments,odata,UiPath.Server.Configuration.OData.GetQueueItemCommentsHistory(queueItemId={queueItemId}),GET,odata/QueueItemComments/UiPath.Server.Configuration.OData.GetQueueItemCommentsHistory(queueItemId={queueItemId}),,Missing,queueItemId,,,OAuth2 bearer,X-UIPATH-OrganizationUnitId,unknown,official,False,
QueueItemEvents,odata,QueueItemEvents,GET,odata/QueueItemEvents,,Missing,,,,OAuth2 bearer,X-UIPATH-OrganizationUnitId,unknown,official,False,
QueueItemEvents,odata,QueueItemEvents({key}),GET,odata/QueueItemEvents({key}),,Missing,key,,,OAuth2 bearer,X-UIPATH-OrganizationUnitId,unknown,official,False,
QueueItemEvents,odata,UiPath.Server.Configuration.OData.GetQueueItemEventsHistory(queueItemId={queueItemId}),GET,odata/QueueItemEvents/UiPath.Server.Configuration.OData.GetQueueItemEventsHistory(queueItemId={queueItemId}),,Missing,queueItemId,,,OAuth2 bearer,X-UIPATH-OrganizationUnitId,unknown,official,False,
QueueItems,odata,QueueItems,GET,odata/QueueItems,,Missing,,,,OAuth2 bearer,X-UIPATH-OrganizationUnitId,unknown,official,False,
QueueItems,odata,QueueItems({key}),GET,odata/QueueItems({key}),,Missing,key,,,OAuth2 bearer,X-UIPATH-OrganizationUnitId,unknown,official,False,
QueueItems,odata,QueueItems({key}),DELETE,odata/QueueItems({key}),,Missing,key,,,OAuth2 bearer,X-UIPATH-OrganizationUnitId,unknown,official,False,
QueueItems,odata,QueueItems({key}),PUT,odata/QueueItems({key}),,Missing,key,,,OAuth2 bearer,X-UIPATH-OrganizationUnitId,unknown,official,False,
QueueItems,odata,UiPath.Server.Configuration.OData.GetItemLastRetry,GET,odata/QueueItems({key})/UiPath.Server.Configuration.OData.GetItemLastRetry,,Missing,key,,,OAuth2 bearer,X-UIPATH-OrganizationUnitId,unknown,official,False,
QueueItems,odata,UiPathODataSvc.GetItemProcessingHistory,GET,odata/QueueItems({key})/UiPathODataSvc.GetItemProcessingHistory,,Missing,key,,,OAuth2 bearer,X-UIPATH-OrganizationUnitId,unknown,official,False,
QueueItems,odata,UiPathODataSvc.SetTransactionProgress,POST,odata/QueueItems({key})/UiPathODataSvc.SetTransactionProgress,,Missing,key,,,OAuth2 bearer,X-UIPATH-OrganizationUnitId,unknown,official,False,
QueueItems,odata,UiPath.Server.Configuration.OData.GetReviewers,GET,odata/QueueItems/UiPath.Server.Configuration.OData.GetReviewers,,Missing,,,,OAuth2 bearer,X-UIPATH-OrganizationUnitId,unknown,official,False,
QueueItems,odata,UiPathODataSvc.DeleteBulk,POST,odata/QueueItems/UiPathODataSvc.DeleteBulk,,Missing,,,,OAuth2 bearer,X-UIPATH-OrganizationUnitId,unknown,official,False,
QueueItems,odata,UiPathODataSvc.GetItemLastRetryByKey(key={key}),GET,odata/QueueItems/UiPathODataSvc.GetItemLastRetryByKey(key={key}),,Missing,key,,,OAuth2 bearer,X-UIPATH-OrganizationUnitId,unknown,official,False,
QueueItems,odata,UiPathODataSvc.SetItemReviewer,POST,odata/QueueItems/UiPathODataSvc.SetItemReviewer,,Missing,,,,OAuth2 bearer,X-UIPATH-OrganizationUnitId,unknown,official,False,
QueueItems,odata,UiPathODataSvc.SetItemReviewStatus,POST,odata/QueueItems/UiPathODataSvc.SetItemReviewStatus,,Missing,,,,OAuth2 bearer,X-UIPATH-OrganizationUnitId,unknown,official,False,
QueueItems,odata,UiPathODataSvc.UnsetItemReviewer,POST,odata/QueueItems/UiPathODataSvc.UnsetItemReviewer,,Missing,,,,OAuth2 bearer,X-UIPATH-OrganizationUnitId,unknown,official,False,
QueueProcessingRecords,odata,"UiPathODataSvc.RetrieveLastDaysProcessingRecords(daysNo={daysNo},queueDefinitionId={queueDefinitionId})",GET,"odata/QueueProcessingRecords/UiPathODataSvc.RetrieveLastDaysProcessingRecords(daysNo={daysNo},queueDefinitionId={queueDefinitionId})",,Missing,daysNo;queueDefinitionId,,,OAuth2 bearer,X-UIPATH-OrganizationUnitId,unknown,official,False,
QueueProcessingRecords,odata,UiPathODataSvc.RetrieveQueuesProcessingStatus,GET,odata/QueueProcessingRecords/UiPathODataSvc.RetrieveQueuesProcessingStatus,,Missing,,,,OAuth2 bearer,X-UIPATH-OrganizationUnitId,unknown,official,False,
QueueRetention,odata,QueueRetention,GET,odata/QueueRetention,,Missing,,,,OAuth2 bearer,X-UIPATH-OrganizationUnitId,unknown,official,False,
QueueRetention,odata,QueueRetention({key}),GET,odata/QueueRetention({key}),,Missing,key,,,OAuth2 bearer,X-UIPATH-OrganizationUnitId,unknown,official,False,
QueueRetention,odata,QueueRetention({key}),PUT,odata/QueueRetention({key}),,Missing,key,,,OAuth2 bearer,X-UIPATH-OrganizationUnitId,unknown,official,False,
QueueRetention,odata,QueueRetention({key}),DELETE,odata/QueueRetention({key}),,Missing,key,,,OAuth2 bearer,X-UIPATH-OrganizationUnitId,unknown,official,False,
Queues,odata,UiPathODataSvc.SetTransactionResult,POST,odata/Queues({key})/UiPathODataSvc.SetTransactionResult,,Missing,key,,,OAuth2 bearer,X-UIPATH-OrganizationUnitId,unknown,official,False,
Queues,odata,UiPathODataSvc.AddQueueItem,POST,odata/Queues/UiPathODataSvc.AddQueueItem,,Missing,,,,OAuth2 bearer,X-UIPATH-OrganizationUnitId,unknown,official,False,
Queues,odata,UiPathODataSvc.BulkAddQueueItems,POST,odata/Queues/UiPathODataSvc.BulkAddQueueItems,,Missing,,,,OAuth2 bearer,X-UIPATH-OrganizationUnitId,unknown,official,False,
Queues,odata,UiPathODataSvc.StartTransaction,POST,odata/Queues/UiPathODataSvc.StartTransaction,,Missing,,,,OAuth2 bearer,X-UIPATH-OrganizationUnitId,unknown,official,False,
ReleaseRetention,odata,ReleaseRetention,GET,odata/ReleaseRetention,,Missing,,,,OAuth2 bearer,X-UIPATH-OrganizationUnitId,unknown,official,False,
ReleaseRetention,odata,ReleaseRetention({key}),GET,odata/ReleaseRetention({key}),,Missing,key,,,OAuth2 bearer,X-UIPATH-OrganizationUnitId,unknown,official,False,
ReleaseRetention,odata,ReleaseRetention({key}),PUT,odata/ReleaseRetention({key}),,Missing,key,,,OAuth2 bearer,X-UIPATH-OrganizationUnitId,unknown,official,False,
ReleaseRetention,odata,ReleaseRetention({key}),DELETE,odata/ReleaseRetention({key}),,Missing,key,,,OAuth2 bearer,X-UIPATH-OrganizationUnitId,unknown,official,False,
Releases,odata,Releases,GET,odata/Releases,,Missing,,,,OAuth2 bearer,X-UIPATH-OrganizationUnitId,unknown,official,False,
Releases,odata,Releases,POST,odata/Releases,,Missing,,,,OAuth2 bearer,X-UIPATH-OrganizationUnitId,unknown,official,False,
Releases,odata,Releases({key}),GET,odata/Releases({key}),,Missing,key,,,OAuth2 bearer,X-UIPATH-OrganizationUnitId,unknown,official,False,
Releases,odata,Releases({key}),PATCH,odata/Releases({key}),,Missing,key,,,OAuth2 bearer,X-UIPATH-OrganizationUnitId,unknown,official,False,
Releases,odata,Releases({key}),PUT,odata/Releases({key}),,Missing,key,,,OAuth2 bearer,X-UIPATH-OrganizationUnitId,unknown,official,False,
Releases,odata,Releases({key}),DELETE,odata/Releases({key}),,Missing,key,,,OAuth2 bearer,X-UIPATH-OrganizationUnitId,unknown,official,False,
Releases,odata,UiPath.Server.Configuration.OData.RollbackToPreviousReleaseVersion,POST,odata/Releases({key})/UiPath.Server.Configuration.OData.RollbackToPreviousReleaseVersion,,Missing,key,,,OAuth2 bearer,X-UIPATH-OrganizationUnitId,unknown,official,False,
Releases,odata,UiPath.Server.Configuration.OData.UpdateToLatestPackageVersion,POST,odata/Releases({key})/UiPath.Server.Configuration.OData.UpdateToLatestPackageVersion,,Missing,key,,,OAuth2 bearer,X-UIPATH-OrganizationUnitId,unknown,official,False,
Releases,odata,UiPath.Server.Configuration.OData.UpdateToSpecificPackageVersion,POST,odata/Releases({key})/UiPath.Server.Configuration.OData.UpdateToSpecificPackageVersion,,Missing,key,,,OAuth2 bearer,X-UIPATH-OrganizationUnitId,unknown,official,False,
Releases,odata,UiPath.Server.Configuration.OData.RollbackToPreviousReleaseVersionByKey(identifier={identifier}),POST,odata/Releases/UiPath.Server.Configuration.OData.RollbackToPreviousReleaseVersionByKey(identifier={identifier}),,Missing,identifier,,,OAuth2 bearer,X-UIPATH-OrganizationUnitId,unknown,official,False,
Releases,odata,UiPath.Server.Configuration.OData.UpdateByKey,POST,odata/Releases/UiPath.Server.Configuration.OData.UpdateByKey,,Missing,,,,OAuth2 bearer,X-UIPATH-OrganizationUnitId,unknown,official,False,
Releases,odata,UiPath.Server.Configuration.OData.UpdateToLatestPackageVersionBulk,POST,odata/Releases/UiPath.Server.Configuration.OData.UpdateToLatestPackageVersionBulk,,Missing,,,,OAuth2 bearer,X-UIPATH-OrganizationUnitId,unknown,official,False,
Releases,odata,UiPath.Server.Configuration.OData.UpdateToLatestPackageVersionBulkByKey,POST,odata/Releases/UiPath.Server.Configuration.OData.UpdateToLatestPackageVersionBulkByKey,,Missing,,,,OAuth2 bearer,X-UIPATH-OrganizationUnitId,unknown,official,False,
Releases,odata,UiPath.Server.Configuration.OData.UpdateToLatestPackageVersionByKey(identifier={identifier}),POST,odata/Releases/UiPath.Server.Configuration.OData.UpdateToLatestPackageVersionByKey(identifier={identifier}),,Missing,identifier,,,OAuth2 bearer,X-UIPATH-OrganizationUnitId,unknown,official,False,
Releases,odata,UiPath.Server.Configuration.OData.UpdateToSpecificPackageVersionByKey(identifier={identifier}),POST,odata/Releases/UiPath.Server.Configuration.OData.UpdateToSpecificPackageVersionByKey(identifier={identifier}),,Missing,identifier,,,OAuth2 bearer,X-UIPATH-OrganizationUnitId,unknown,official,False,
RobotLogs,odata,RobotLogs,GET,odata/RobotLogs,,Missing,,,,OAuth2 bearer,X-UIPATH-OrganizationUnitId,unknown,official,False,
RobotLogs,odata,UiPath.Server.Configuration.OData.Export,POST,odata/RobotLogs/UiPath.Server.Configuration.OData.Export,,Missing,,,,OAuth2 bearer,X-UIPATH-OrganizationUnitId,unknown,official,False,
RobotLogs,odata,UiPath.Server.Configuration.OData.GetTotalCount,GET,odata/RobotLogs/UiPath.Server.Configuration.OData.GetTotalCount,,Missing,,,,OAuth2 bearer,X-UIPATH-OrganizationUnitId,unknown,official,False,
Robots,odata,Robots,GET,odata/Robots,,Missing,,,,OAuth2 bearer,X-UIPATH-OrganizationUnitId,unknown,official,False,
Robots,odata,Robots,POST,odata/Robots,,Missing,,,,OAuth2 bearer,X-UIPATH-OrganizationUnitId,unknown,official,False,
Robots,odata,Robots({key}),GET,odata/Robots({key}),,Missing,key,,,OAuth2 bearer,X-UIPATH-OrganizationUnitId,unknown,official,False,
Robots,odata,Robots({key}),PUT,odata/Robots({key}),,Missing,key,,,OAuth2 bearer,X-UIPATH-OrganizationUnitId,unknown,official,False,
Robots,odata,Robots({key}),PATCH,odata/Robots({key}),,Missing,key,,,OAuth2 bearer,X-UIPATH-OrganizationUnitId,unknown,official,False,
Robots,odata,Robots({key}),DELETE,odata/Robots({key}),,Missing,key,,,OAuth2 bearer,X-UIPATH-OrganizationUnitId,unknown,official,False,
Robots,odata,UiPath.Server.Configuration.OData.ConvertToFloating,POST,odata/Robots/UiPath.Server.Configuration.OData.ConvertToFloating,,Missing,,,,OAuth2 bearer,X-UIPATH-OrganizationUnitId,unknown,official,False,
Robots,odata,UiPath.Server.Configuration.OData.DeleteBulk,POST,odata/Robots/UiPath.Server.Configuration.OData.DeleteBulk,,Missing,,,,OAuth2 bearer,X-UIPATH-OrganizationUnitId,unknown,official,False,
Robots,odata,UiPath.Server.Configuration.OData.FindAllAcrossFolders,GET,odata/Robots/UiPath.Server.Configuration.OData.FindAllAcrossFolders,,Missing,,,,OAuth2 bearer,X-UIPATH-OrganizationUnitId,unknown,official,False,
Robots,odata,UiPath.Server.Configuration.OData.GetConfiguredRobots,GET,odata/Robots/UiPath.Server.Configuration.OData.GetConfiguredRobots,,Missing,,,,OAuth2 bearer,X-UIPATH-OrganizationUnitId,unknown,official,False,
Robots,odata,"UiPath.Server.Configuration.OData.GetFolderRobots(folderId={folderId},machineId={machineId})",GET,"odata/Robots/UiPath.Server.Configuration.OData.GetFolderRobots(folderId={folderId},machineId={machineId})",,Missing,folderId;machineId,,,OAuth2 bearer,X-UIPATH-OrganizationUnitId,unknown,official,False,
Robots,odata,UiPath.Server.Configuration.OData.GetMachineNameToLicenseKeyMappings,GET,odata/Robots/UiPath.Server.Configuration.OData.GetMachineNameToLicenseKeyMappings,,Missing,,,,OAuth2 bearer,X-UIPATH-OrganizationUnitId,unknown,official,False,
Robots,odata,UiPath.Server.Configuration.OData.GetRobotsForProcess(processId='{processId}'),GET,odata/Robots/UiPath.Server.Configuration.OData.GetRobotsForProcess(processId='{processId}'),,Missing,processId,,,OAuth2 bearer,X-UIPATH-OrganizationUnitId,unknown,official,False,
Robots,odata,UiPath.Server.Configuration.OData.GetRobotsFromFolder(folderId={folderId}),GET,odata/Robots/UiPath.Server.Configuration.OData.GetRobotsFromFolder(folderId={folderId}),,Missing,folderId,,,OAuth2 bearer,X-UIPATH-OrganizationUnitId,unknown,official,False,
Robots,odata,UiPath.Server.Configuration.OData.GetUsernames,GET,odata/Robots/UiPath.Server.Configuration.OData.GetUsernames,,Missing,,,,OAuth2 bearer,X-UIPATH-OrganizationUnitId,unknown,official,False,
Robots,odata,UiPath.Server.Configuration.OData.ToggleEnabledStatus,POST,odata/Robots/UiPath.Server.Configuration.OData.ToggleEnabledStatus,,Missing,,,,OAuth2 bearer,X-UIPATH-OrganizationUnitId,unknown,official,False,
Roles,odata,Roles,GET,odata/Roles,,Missing,,,,OAuth2 bearer,,unknown,official,False,
Roles,odata,Roles,POST,odata/Roles,,Missing,,,,OAuth2 bearer,,unknown,official,False,
Roles,odata,Roles({key}),GET,odata/Roles({key}),,Missing,key,,,OAuth2 bearer,,unknown,official,False,
Roles,odata,Roles({key}),PUT,odata/Roles({key}),,Missing,key,,,OAuth2 bearer,,unknown,official,False,
Roles,odata,Roles({key}),DELETE,odata/Roles({key}),,Missing,key,,,OAuth2 bearer,,unknown,official,False,
Roles,odata,UiPath.Server.Configuration.OData.SetUsers,POST,odata/Roles({key})/UiPath.Server.Configuration.OData.SetUsers,,Missing,key,,,OAuth2 bearer,,unknown,official,False,
Roles,odata,UiPath.Server.Configuration.OData.GetUserIdsForRole(key={key}),GET,odata/Roles/UiPath.Server.Configuration.OData.GetUserIdsForRole(key={key}),,Missing,key,,,OAuth2 bearer,,unknown,official,False,
Roles,odata,UiPath.Server.Configuration.OData.GetUsersForRole(key={key}),GET,odata/Roles/UiPath.Server.Configuration.OData.GetUsersForRole(key={key}),,Missing,key,,,OAuth2 bearer,,unknown,official,False,
Sessions,odata,Sessions,GET,odata/Sessions,,Missing,,,,OAuth2 bearer,X-UIPATH-OrganizationUnitId,unknown,official,False,
Sessions,odata,UiPath.Server.Configuration.OData.ToggleMachineSessionDebugMode,POST,odata/Sessions({key})/UiPath.Server.Configuration.OData.ToggleMachineSessionDebugMode,,Missing,key,,,OAuth2 bearer,,unknown,official,False,
Sessions,odata,UiPath.Server.Configuration.OData.DeleteInactiveUnattendedSessions,POST,odata/Sessions/UiPath.Server.Configuration.OData.DeleteInactiveUnattendedSessions,,Missing,,,,OAuth2 bearer,,unknown,official,False,
Sessions,odata,UiPath.Server.Configuration.OData.GetGlobalSessions,GET,odata/Sessions/UiPath.Server.Configuration.OData.GetGlobalSessions,,Missing,,,,OAuth2 bearer,,unknown,official,False,
Sessions,odata,UiPath.Server.Configuration.OData.GetMachineSessionRuntimes,GET,odata/Sessions/UiPath.Server.Configuration.OData.GetMachineSessionRuntimes,,Missing,,,,OAuth2 bearer,,unknown,official,False,
Sessions,odata,UiPath.Server.Configuration.OData.GetMachineSessionRuntimesByFolderId(folderId={folderId}),GET,odata/Sessions/UiPath.Server.Configuration.OData.GetMachineSessionRuntimesByFolderId(folderId={folderId}),,Missing,folderId,,,OAuth2 bearer,,unknown,official,False,
Sessions,odata,UiPath.Server.Configuration.OData.GetMachineSessions(key={key}),GET,odata/Sessions/UiPath.Server.Configuration.OData.GetMachineSessions(key={key}),,Missing,key,,,OAuth2 bearer,,unknown,official,False,
Sessions,odata,UiPath.Server.Configuration.OData.GetUsernames,GET,odata/Sessions/UiPath.Server.Configuration.OData.GetUsernames,,Missing,,,,OAuth2 bearer,,unknown,official,False,
Sessions,odata,UiPath.Server.Configuration.OData.SetMaintenanceMode,POST,odata/Sessions/UiPath.Server.Configuration.OData.SetMaintenanceMode,,Missing,,,,OAuth2 bearer,,unknown,official,False,
Settings,odata,Settings,GET,odata/Settings,,Missing,,,,OAuth2 bearer,,unknown,official,False,
Settings,odata,Settings('{key}'),GET,odata/Settings('{key}'),,Missing,key,,,OAuth2 bearer,,unknown,official,False,
Settings,odata,Settings('{key}'),PUT,odata/Settings('{key}'),,Missing,key,,,OAuth2 bearer,,unknown,official,False,
Settings,odata,UiPath.Server.Configuration.OData.DeleteBulk,POST,odata/Settings/UiPath.Server.Configuration.OData.DeleteBulk,,Missing,,,,OAuth2 bearer,,unknown,official,False,
Settings,odata,UiPath.Server.Configuration.OData.GetActivitySettings,GET,odata/Settings/UiPath.Server.Configuration.OData.GetActivitySettings,,Missing,,,,OAuth2 bearer,,unknown,official,False,
Settings,odata,UiPath.Server.Configuration.OData.GetAuthenticationSettings,GET,odata/Settings/UiPath.Server.Configuration.OData.GetAuthenticationSettings,,Missing,,,,OAuth2 bearer,,unknown,official,False,
Settings,odata,UiPath.Server.Configuration.OData.GetCalendar,GET,odata/Settings/UiPath.Server.Configuration.OData.GetCalendar,,Missing,,,,OAuth2 bearer,,unknown,official,True,
Settings,odata,UiPath.Server.Configuration.OData.GetExecutionSettingsConfiguration(scope={scope}),GET,odata/Settings/UiPath.Server.Configuration.OData.GetExecutionSettingsConfiguration(scope={scope}),,Missing,scope,,,OAuth2 bearer,,unknown,official,False,
Settings,odata,UiPath.Server.Configuration.OData.GetLanguages,GET,odata/Settings/UiPath.Server.Configuration.OData.GetLanguages,,Missing,,,,OAuth2 bearer,,unknown,official,False,
Settings,odata,UiPath.Server.Configuration.OData.GetLicense,GET,odata/Settings/UiPath.Server.Configuration.OData.GetLicense,,Missing,,,,OAuth2 bearer,,unknown,official,False,
Settings,odata,UiPath.Server.Configuration.OData.GetSecureStoreConfiguration(storeTypeName='{storeTypeName}'),GET,odata/Settings/UiPath.Server.Configuration.OData.GetSecureStoreConfiguration(storeTypeName='{storeTypeName}'),,Missing,storeTypeName,,,OAuth2 bearer,,unknown,official,False,
Settings,odata,UiPath.Server.Configuration.OData.GetTimezones,GET,odata/Settings/UiPath.Server.Configuration.OData.GetTimezones,,Missing,,,,OAuth2 bearer,,unknown,official,False,
Settings,odata,UiPath.Server.Configuration.OData.GetUpdateSettings,GET,odata/Settings/UiPath.Server.Configuration.OData.GetUpdateSettings,,Missing,,,,OAuth2 bearer,,unknown,official,False,
Settings,odata,UiPath.Server.Configuration.OData.GetWebSettings,GET,odata/Settings/UiPath.Server.Configuration.OData.GetWebSettings,,Missing,,,,OAuth2 bearer,,unknown,official,False,
Settings,odata,UiPath.Server.Configuration.OData.SetCalendar,POST,odata/Settings/UiPath.Server.Configuration.OData.SetCalendar,,Missing,,,,OAuth2 bearer,,unknown,official,True,
Settings,odata,UiPath.Server.Configuration.OData.UpdateBulk,POST,odata/Settings/UiPath.Server.Configuration.OData.UpdateBulk,,Missing,,,,OAuth2 bearer,,unknown,official,False,
Settings,odata,UiPath.Server.Configuration.OData.UpdateUserSetting,POST,odata/Settings/UiPath.Server.Configuration.OData.UpdateUserSetting,,Missing,,,,OAuth2 bearer,,unknown,official,False,
Settings,odata,UiPath.Server.Configuration.OData.VerifySmtpSetting,POST,odata/Settings/UiPath.Server.Configuration.OData.VerifySmtpSetting,,Missing,,,,OAuth2 bearer,,unknown,official,False,
TaskActivities,odata,UiPath.Server.Configuration.OData.GetByTaskId(taskId={taskId}),GET,odata/TaskActivities/UiPath.Server.Configuration.OData.GetByTaskId(taskId={taskId}),,Missing,taskId,,,OAuth2 bearer,X-UIPATH-OrganizationUnitId,unknown,official,False,
TaskCatalogs,odata,TaskCatalogs,GET,odata/TaskCatalogs,,Missing,,,,OAuth2 bearer,X-UIPATH-OrganizationUnitId,unknown,official,False,
TaskCatalogs,odata,TaskCatalogs({key}),GET,odata/TaskCatalogs({key}),,Missing,key,,,OAuth2 bearer,X-UIPATH-OrganizationUnitId,unknown,official,False,
TaskCatalogs,odata,TaskCatalogs({key}),DELETE,odata/TaskCatalogs({key}),,Missing,key,,,OAuth2 bearer,X-UIPATH-OrganizationUnitId,unknown,official,False,
TaskCatalogs,odata,UiPath.Server.Configuration.OData.UpdateTaskCatalog,POST,odata/TaskCatalogs({key})/UiPath.Server.Configuration.OData.UpdateTaskCatalog,,Missing,key,,,OAuth2 bearer,X-UIPATH-OrganizationUnitId,unknown,official,False,
TaskCatalogs,odata,UiPath.Server.Configuration.OData.CreateTaskCatalog,POST,odata/TaskCatalogs/UiPath.Server.Configuration.OData.CreateTaskCatalog,,Missing,,,,OAuth2 bearer,X-UIPATH-OrganizationUnitId,unknown,official,False,
TaskCatalogs,odata,UiPath.Server.Configuration.OData.GetFoldersForTaskCatalog(id={id}),GET,odata/TaskCatalogs/UiPath.Server.Configuration.OData.GetFoldersForTaskCatalog(id={id}),,Missing,id,,,OAuth2 bearer,X-UIPATH-OrganizationUnitId,unknown,official,False,
TaskCatalogs,odata,UiPath.Server.Configuration.OData.GetTaskCatalogExtendedDetails(taskCatalogId={taskCatalogId}),GET,odata/TaskCatalogs/UiPath.Server.Configuration.OData.GetTaskCatalogExtendedDetails(taskCatalogId={taskCatalogId}),,Missing,taskCatalogId,,,OAuth2 bearer,X-UIPATH-OrganizationUnitId,unknown,official,False,
TaskCatalogs,odata,UiPath.Server.Configuration.OData.GetTaskCatalogsFromFoldersWithPermissions,GET,odata/TaskCatalogs/UiPath.Server.Configuration.OData.GetTaskCatalogsFromFoldersWithPermissions,,Missing,,,,OAuth2 bearer,X-UIPATH-OrganizationUnitId,unknown,official,False,
TaskCatalogs,odata,UiPath.Server.Configuration.OData.ShareToFolders,POST,odata/TaskCatalogs/UiPath.Server.Configuration.OData.ShareToFolders,,Missing,,,,OAuth2 bearer,X-UIPATH-OrganizationUnitId,unknown,official,False,
TaskDefinitions,odata,TaskDefinitions,GET,odata/TaskDefinitions,,Missing,,,,OAuth2 bearer,,unknown,official,False,
TaskDefinitions,odata,TaskDefinitions({key}),GET,odata/TaskDefinitions({key}),,Missing,key,,,OAuth2 bearer,,unknown,official,False,
TaskDefinitions,odata,TaskDefinitions({key}),DELETE,odata/TaskDefinitions({key}),,Missing,key,,,OAuth2 bearer,,unknown,official,False,
TaskDefinitions,odata,UiPath.Server.Configuration.OData.UpdateTaskDefinition,POST,odata/TaskDefinitions({key})/UiPath.Server.Configuration.OData.UpdateTaskDefinition,,Missing,key,,,OAuth2 bearer,,unknown,official,False,
TaskDefinitions,odata,UiPath.Server.Configuration.OData.CreateTaskDefinition,POST,odata/TaskDefinitions/UiPath.Server.Configuration.OData.CreateTaskDefinition,,Missing,,,,OAuth2 bearer,,unknown,official,False,
TaskDefinitions,odata,UiPath.Server.Configuration.OData.GetTaskDefinitionVersions(id={id}),GET,odata/TaskDefinitions/UiPath.Server.Configuration.OData.GetTaskDefinitionVersions(id={id}),,Missing,id,,,OAuth2 bearer,,unknown,official,False,
TaskNotes,odata,UiPath.Server.Configuration.OData.CreateTaskNote,POST,odata/TaskNotes/UiPath.Server.Configuration.OData.CreateTaskNote,,Missing,,,,OAuth2 bearer,X-UIPATH-OrganizationUnitId,unknown,official,False,
TaskNotes,odata,UiPath.Server.Configuration.OData.GetByTaskId(taskId={taskId}),GET,odata/TaskNotes/UiPath.Server.Configuration.OData.GetByTaskId(taskId={taskId}),,Missing,taskId,,,OAuth2 bearer,X-UIPATH-OrganizationUnitId,unknown,official,False,
TaskRetention,odata,TaskRetention,GET,odata/TaskRetention,,Missing,,,,OAuth2 bearer,X-UIPATH-OrganizationUnitId,unknown,official,False,
TaskRetention,odata,TaskRetention({key}),GET,odata/TaskRetention({key}),,Missing,key,,,OAuth2 bearer,X-UIPATH-OrganizationUnitId,unknown,official,False,
TaskRetention,odata,TaskRetention({key}),PUT,odata/TaskRetention({key}),,Missing,key,,,OAuth2 bearer,X-UIPATH-OrganizationUnitId,unknown,official,False,
TaskRetention,odata,TaskRetention({key}),DELETE,odata/TaskRetention({key}),,Missing,key,,,OAuth2 bearer,X-UIPATH-OrganizationUnitId,unknown,official,False,
Tasks,odata,Tasks,GET,odata/Tasks,,Missing,,,,OAuth2 bearer,X-UIPATH-OrganizationUnitId,unknown,official,False,
Tasks,odata,Tasks({key}),GET,odata/Tasks({key}),,Missing,key,,,OAuth2 bearer,X-UIPATH-OrganizationUnitId,unknown,official,False,
Tasks,odata,UiPath.Server.Configuration.OData.AssignTasks,POST,odata/Tasks/UiPath.Server.Configuration.OData.AssignTasks,,Missing,,,,OAuth2 bearer,X-UIPATH-OrganizationUnitId,unknown,official,False,
Tasks,odata,UiPath.Server.Configuration.OData.DeleteTasks,POST,odata/Tasks/UiPath.Server.Configuration.OData.DeleteTasks,,Missing,,,,OAuth2 bearer,X-UIPATH-OrganizationUnitId,unknown,official,False,
Tasks,odata,UiPath.Server.Configuration.OData.EditTaskMetadata,POST,odata/Tasks/UiPath.Server.Configuration.OData.EditTaskMetadata,,Missing,,,,OAuth2 bearer,X-UIPATH-OrganizationUnitId,unknown,official,False,
Tasks,odata,UiPath.Server.Configuration.OData.GetByKey(identifier={identifier}),GET,odata/Tasks/UiPath.Server.Configuration.OData.GetByKey(identifier={identifier}),,Missing,identifier,,,OAuth2 bearer,X-UIPATH-OrganizationUnitId,unknown,official,False,
Tasks,odata,UiPath.Server.Configuration.OData.GetTaskPermissions,GET,odata/Tasks/UiPath.Server.Configuration.OData.GetTaskPermissions,,Missing,,,,OAuth2 bearer,X-UIPATH-OrganizationUnitId,unknown,official,False,
Tasks,odata,UiPath.Server.Configuration.OData.GetTasksAcrossFolders,GET,odata/Tasks/UiPath.Server.Configuration.OData.GetTasksAcrossFolders,,Missing,,,,OAuth2 bearer,X-UIPATH-OrganizationUnitId,unknown,official,False,
Tasks,odata,UiPath.Server.Configuration.OData.GetTasksAcrossFoldersForAdmin,GET,odata/Tasks/UiPath.Server.Configuration.OData.GetTasksAcrossFoldersForAdmin,,Missing,,,,OAuth2 bearer,X-UIPATH-OrganizationUnitId,unknown,official,False,
Tasks,odata,UiPath.Server.Configuration.OData.GetTaskUsers(organizationUnitId={organizationUnitId}),GET,odata/Tasks/UiPath.Server.Configuration.OData.GetTaskUsers(organizationUnitId={organizationUnitId}),,Missing,organizationUnitId,,,OAuth2 bearer,X-UIPATH-OrganizationUnitId,unknown,official,False,
Tasks,odata,UiPath.Server.Configuration.OData.ReassignTasks,POST,odata/Tasks/UiPath.Server.Configuration.OData.ReassignTasks,,Missing,,,,OAuth2 bearer,X-UIPATH-OrganizationUnitId,unknown,official,False,
Tasks,odata,UiPath.Server.Configuration.OData.UnassignTasks,POST,odata/Tasks/UiPath.Server.Configuration.OData.UnassignTasks,,Missing,,,,OAuth2 bearer,X-UIPATH-OrganizationUnitId,unknown,official,False,
Tenants,odata,Tenants,GET,odata/Tenants,,Missing,,,,OAuth2 bearer,,unknown,official,False,
Tenants,odata,Tenants({key}),GET,odata/Tenants({key}),,Missing,key,,,OAuth2 bearer,,unknown,official,False,
TestCaseDefinitions,odata,TestCaseDefinitions,GET,odata/TestCaseDefinitions,,Missing,,,,OAuth2 bearer,,unknown,official,False,
TestCaseExecutions,odata,TestCaseExecutions,GET,odata/TestCaseExecutions,,Missing,,,,OAuth2 bearer,X-UIPATH-OrganizationUnitId,unknown,official,False,
TestCaseExecutions,odata,TestCaseExecutions({key}),GET,odata/TestCaseExecutions({key}),,Missing,key,,,OAuth2 bearer,X-UIPATH-OrganizationUnitId,unknown,official,False,
TestDataQueueItems,odata,TestDataQueueItems,GET,odata/TestDataQueueItems,,Missing,,,,OAuth2 bearer,X-UIPATH-OrganizationUnitId,unknown,official,False,
TestDataQueueItems,odata,TestDataQueueItems({key}),GET,odata/TestDataQueueItems({key}),,Missing,key,,,OAuth2 bearer,X-UIPATH-OrganizationUnitId,unknown,official,False,
TestDataQueues,odata,TestDataQueues,GET,odata/TestDataQueues,,Missing,,,,OAuth2 bearer,X-UIPATH-OrganizationUnitId,unknown,official,False,
TestDataQueues,odata,TestDataQueues,POST,odata/TestDataQueues,,Missing,,,,OAuth2 bearer,X-UIPATH-OrganizationUnitId,unknown,official,False,
TestDataQueues,odata,TestDataQueues({key}),GET,odata/TestDataQueues({key}),,Missing,key,,,OAuth2 bearer,X-UIPATH-OrganizationUnitId,unknown,official,False,
TestDataQueues,odata,TestDataQueues({key}),PUT,odata/TestDataQueues({key}),,Missing,key,,,OAuth2 bearer,X-UIPATH-OrganizationUnitId,unknown,official,False,
TestDataQueues,odata,TestDataQueues({key}),DELETE,odata/TestDataQueues({key}),,Missing,key,,,OAuth2 bearer,X-UIPATH-OrganizationUnitId,unknown,official,False,
TestSetExecutions,odata,TestSetExecutions,GET,odata/TestSetExecutions,,Missing,,,,OAuth2 bearer,X-UIPATH-OrganizationUnitId,unknown,official,False,
TestSetExecutions,odata,TestSetExecutions({key}),GET,odata/TestSetExecutions({key}),,Missing,key,,,OAuth2 bearer,X-UIPATH-OrganizationUnitId,unknown,official,False,
TestSets,odata,TestSets,GET,odata/TestSets,,Missing,,,,OAuth2 bearer,X-UIPATH-OrganizationUnitId,unknown,official,False,
TestSets,odata,TestSets,POST,odata/TestSets,,Missing,,,,OAuth2 bearer,X-UIPATH-OrganizationUnitId,unknown,official,False,
TestSets,odata,TestSets({key}),GET,odata/TestSets({key}),,Missing,key,,,OAuth2 bearer,X-UIPATH-OrganizationUnitId,unknown,official,False,
TestSets,odata,TestSets({key}),PUT,odata/TestSets({key}),,Missing,key,,,OAuth2 bearer,X-UIPATH-OrganizationUnitId,unknown,official,False,
TestSets,odata,TestSets({key}),DELETE,odata/TestSets({key}),,Missing,key,,,OAuth2 bearer,X-UIPATH-OrganizationUnitId,unknown,official,False,
TestSetSchedules,odata,TestSetSchedules,GET,odata/TestSetSchedules,,Missing,,,,OAuth2 bearer,X-UIPATH-OrganizationUnitId,unknown,official,False,
TestSetSchedules,odata,TestSetSchedules,POST,odata/TestSetSchedules,,Missing,,,,OAuth2 bearer,X-UIPATH-OrganizationUnitId,unknown,official,False,
TestSetSchedules,odata,TestSetSchedules({key}),GET,odata/TestSetSchedules({key}),,Missing,key,,,OAuth2 bearer,X-UIPATH-OrganizationUnitId,unknown,official,False,
TestSetSchedules,odata,TestSetSchedules({key}),PUT,odata/TestSetSchedules({key}),,Missing,key,,,OAuth2 bearer,X-UIPATH-OrganizationUnitId,unknown,official,False,
TestSetSchedules,odata,TestSetSchedules({key}),DELETE,odata/TestSetSchedules({key}),,Missing,key,,,OAuth2 bearer,X-UIPATH-OrganizationUnitId,unknown,official,False,
TestSetSchedules,odata,UiPath.Server.Configuration.OData.SetEnabled,POST,odata/TestSetSchedules/UiPath.Server.Configuration.OData.SetEnabled,,Missing,,,,OAuth2 bearer,X-UIPATH-OrganizationUnitId,unknown,official,False,
Users,odata,Users,GET,odata/Users,,Missing,,,,OAuth2 bearer,,unknown,official,False,
Users,odata,Users,POST,odata/Users,,Missing,,,,OAuth2 bearer,,unknown,official,False,
Users,odata,Users({key}),GET,odata/Users({key}),,Missing,key,,,OAuth2 bearer,,unknown,official,False,
Users,odata,Users({key}),PUT,odata/Users({key}),,Missing,key,,,OAuth2 bearer,,unknown,official,False,
Users,odata,Users({key}),PATCH,odata/Users({key}),,Missing,key,,,OAuth2 bearer,,unknown,official,False,
Users,odata,Users({key}),DELETE,odata/Users({key}),,Missing,key,,,OAuth2 bearer,,unknown,official,False,
Users,odata,UiPath.Server.Configuration.OData.AssignRoles,POST,odata/Users({key})/UiPath.Server.Configuration.OData.AssignRoles,,Missing,key,,,OAuth2 bearer,,unknown,official,False,
Users,odata,UiPath.Server.Configuration.OData.ChangeUserCulture,POST,odata/Users({key})/UiPath.Server.Configuration.OData.ChangeUserCulture,,Missing,key,,,OAuth2 bearer,,unknown,official,False,
Users,odata,UiPath.Server.Configuration.OData.ToggleRole,POST,odata/Users({key})/UiPath.Server.Configuration.OData.ToggleRole,,Missing,key,,,OAuth2 bearer,,unknown,official,False,
Users,odata,UiPath.Server.Configuration.OData.ChangeCulture,POST,odata/Users/UiPath.Server.Configuration.OData.ChangeCulture,,Missing,,,,OAuth2 bearer,,unknown,official,False,
Users,odata,UiPath.Server.Configuration.OData.GetCurrentPermissions,GET,odata/Users/UiPath.Server.Configuration.OData.GetCurrentPermissions,,Missing,,,,OAuth2 bearer,,unknown,official,False,
Users,odata,UiPath.Server.Configuration.OData.GetCurrentUser,GET,odata/Users/UiPath.Server.Configuration.OData.GetCurrentUser,,Missing,,,,OAuth2 bearer,,unknown,official,False,
Users,odata,UiPath.Server.Configuration.OData.Validate(userIds=[{userIds}]),GET,odata/Users/UiPath.Server.Configuration.OData.Validate(userIds=[{userIds}]),,Missing,userIds,,,OAuth2 bearer,,unknown,official,False,
Webhooks,odata,Webhooks,GET,odata/Webhooks,,Missing,,,,OAuth2 bearer,,unknown,official,False,
Webhooks,odata,Webhooks,POST,odata/Webhooks,,Missing,,,,OAuth2 bearer,,unknown,official,False,
Webhooks,odata,Webhooks({key}),GET,odata/Webhooks({key}),,Missing,key,,,OAuth2 bearer,,unknown,official,False,
Webhooks,odata,Webhooks({key}),PUT,odata/Webhooks({key}),,Missing,key,,,OAuth2 bearer,,unknown,official,False,
Webhooks,odata,Webhooks({key}),PATCH,odata/Webhooks({key}),,Missing,key,,,OAuth2 bearer,,unknown,official,False,
Webhooks,odata,Webhooks({key}),DELETE,odata/Webhooks({key}),,Missing,key,,,OAuth2 bearer,,unknown,official,False,
Webhooks,odata,UiPath.Server.Configuration.OData.Ping,POST,odata/Webhooks({key})/UiPath.Server.Configuration.OData.Ping,,Missing,key,,,OAuth2 bearer,,unknown,official,False,
Webhooks,odata,UiPath.Server.Configuration.OData.GetEventTypes,GET,odata/Webhooks/UiPath.Server.Configuration.OData.GetEventTypes,,Missing,,,,OAuth2 bearer,,unknown,official,False,
Webhooks,odata,UiPath.Server.Configuration.OData.TriggerCustom,POST,odata/Webhooks/UiPath.Server.Configuration.OData.TriggerCustom,,Missing,,,,OAuth2 bearer,,unknown,official,False,
AppTasks,tasks,CompleteAppTask,POST,tasks/AppTasks/CompleteAppTask,,Missing,,,,OAuth2 bearer,X-UIPATH-OrganizationUnitId,unknown,official,False,
AppTasks,tasks,CreateAppTask,POST,tasks/AppTasks/CreateAppTask,,Missing,,,,OAuth2 bearer,X-UIPATH-OrganizationUnitId,unknown,official,False,
AppTasks,tasks,GetAppTaskById,GET,tasks/AppTasks/GetAppTaskById,,Missing,,,,OAuth2 bearer,X-UIPATH-OrganizationUnitId,unknown,official,False,
AppTasks,tasks,GetAppTaskByKey,GET,tasks/AppTasks/GetAppTaskByKey,,Missing,,,,OAuth2 bearer,X-UIPATH-OrganizationUnitId,unknown,official,False,
AppTasks,tasks,SaveAndReassignAppTasks,POST,tasks/AppTasks/SaveAndReassignAppTasks,,Missing,,,,OAuth2 bearer,X-UIPATH-OrganizationUnitId,unknown,official,False,
AppTasks,tasks,SaveAppTasksData,PUT,tasks/AppTasks/SaveAppTasksData,,Missing,,,,OAuth2 bearer,X-UIPATH-OrganizationUnitId,unknown,official,False,
GenericTasks,tasks,CompleteTask,POST,tasks/GenericTasks/CompleteTask,,Missing,,,,OAuth2 bearer,X-UIPATH-OrganizationUnitId,unknown,official,False,
GenericTasks,tasks,CreateTask,POST,tasks/GenericTasks/CreateTask,,Missing,,,,OAuth2 bearer,X-UIPATH-OrganizationUnitId,unknown,official,False,
GenericTasks,tasks,GetTaskDataById,GET,tasks/GenericTasks/GetTaskDataById,,Missing,,,,OAuth2 bearer,X-UIPATH-OrganizationUnitId,unknown,official,False,
GenericTasks,tasks,GetTaskDataByKey,GET,tasks/GenericTasks/GetTaskDataByKey,,Missing,,,,OAuth2 bearer,X-UIPATH-OrganizationUnitId,unknown,official,False,
GenericTasks,tasks,SaveAndReassignTask,POST,tasks/GenericTasks/SaveAndReassignTask,,Missing,,,,OAuth2 bearer,X-UIPATH-OrganizationUnitId,unknown,official,False,
GenericTasks,tasks,SaveTaskData,PUT,tasks/GenericTasks/SaveTaskData,,Missing,,,,OAuth2 bearer,X-UIPATH-OrganizationUnitId,unknown,official,False,
GenericTasks,tasks,SaveTaskTags,PUT,tasks/GenericTasks/SaveTaskTags,,Missing,,,,OAuth2 bearer,X-UIPATH-OrganizationUnitId,unknown,official,False,
"tenants (alpha),uipathcloud,inventory",tenants,tenants,GET,,tenants,Extra,,,,,,unknown,unofficial,False,Local-only endpoint
"tenants (alpha),uipathcloud",tenants,tenants,PUT,,tenants,Extra,,,,,,unknown,unofficial,False,Local-only endpoint
"tenants (alpha),uipathcloud",tenants,tenants,POST,,tenants,Extra,,,,,,unknown,unofficial,False,Local-only endpoint
"tenants (alpha),uipathcloud",tenants,tenants,DELETE,,tenants,Extra,,,,,,unknown,unofficial,False,Local-only endpoint
"tenants (alpha),uipathcloud",tenants,tenants,GET,,tenants/{tenant_id_int},Extra,,,,,,unknown,unofficial,False,Local-only endpoint
"packages (alpha),uipathcloud,inventory",packages,packages,GET,,packages,Extra,,,,,,unknown,unofficial,False,Local-only endpoint
"packages (alpha),uipathcloud",packages,packages,PUT,,packages,Extra,,,,,,unknown,unofficial,False,Local-only endpoint
"packages (alpha),uipathcloud",packages,packages,POST,,packages,Extra,,,,,,unknown,unofficial,False,Local-only endpoint
"packages (alpha),uipathcloud",packages,packages,DELETE,,packages,Extra,,,,,,unknown,unofficial,False,Local-only endpoint
"packages (alpha),uipathcloud",packages,packages,GET,,packages/{package_id_int},Extra,,,,,,unknown,unofficial,False,Local-only endpoint
"libraries (alpha),uipathcloud,inventory",libraries,libraries,GET,,libraries,Extra,,,,,,unknown,unofficial,False,Local-only endpoint
"libraries (alpha),uipathcloud",libraries,libraries,PUT,,libraries,Extra,,,,,,unknown,unofficial,False,Local-only endpoint
"libraries (alpha),uipathcloud",libraries,libraries,POST,,libraries,Extra,,,,,,unknown,unofficial,False,Local-only endpoint
"libraries (alpha),uipathcloud",libraries,libraries,DELETE,,libraries,Extra,,,,,,unknown,unofficial,False,Local-only endpoint
"libraries (alpha),uipathcloud",libraries,libraries,GET,,libraries/{library_id_int},Extra,,,,,,unknown,unofficial,False,Local-only endpoint
"machines (beta),uipathcloud,inventory",machines,machines,GET,,machines,Extra,,,,,,unknown,unofficial,False,Local-only endpoint
"machines (beta),uipathcloud",machines,machines,PUT,,machines,Extra,,,,,,unknown,unofficial,False,Local-only endpoint
"machines (beta),uipathcloud",machines,machines,POST,,machines,Extra,,,,,,unknown,unofficial,False,Local-only endpoint
"machines (beta),uipathcloud",machines,machines,DELETE,,machines,Extra,,,,,,unknown,unofficial,False,Local-only endpoint
"machines (beta),uipathcloud",machines,machines,GET,,machines/{machine_id_int},Extra,,,,,,unknown,unofficial,False,Local-only endpoint
"processes (alpha),uipathcloud,inventory",processes,processes,GET,,processes,Extra,,,,,,unknown,unofficial,False,Local-only endpoint
"processes (alpha),uipathcloud",processes,processes,PUT,,processes,Extra,,,,,,unknown,unofficial,False,Local-only endpoint
"processes (alpha),uipathcloud",processes,processes,POST,,processes,Extra,,,,,,unknown,unofficial,False,Local-only endpoint
"processes (alpha),uipathcloud",processes,processes,DELETE,,processes,Extra,,,,,,unknown,unofficial,False,Local-only endpoint
"processes (alpha),uipathcloud",processes,processes,GET,,processes/{process_id_int},Extra,,,,,,unknown,unofficial,False,Local-only endpoint
"assets (alpha),uipathcloud,inventory",assets,assets,GET,,assets,Extra,,,,,,unknown,unofficial,False,Local-only endpoint
"assets (alpha),uipathcloud",assets,assets,PUT,,assets,Extra,,,,,,unknown,unofficial,False,Local-only endpoint
"assets (alpha),uipathcloud",assets,assets,POST,,assets,Extra,,,,,,unknown,unofficial,False,Local-only endpoint
"assets (alpha),uipathcloud",assets,assets,DELETE,,assets,Extra,,,,,,unknown,unofficial,False,Local-only endpoint
"assets (alpha),uipathcloud",assets,assets,GET,,assets/{asset_id_int},Extra,,,,,,unknown,unofficial,False,Local-only endpoint
"folders (alpha),uipathcloud,inventory",folders,folders,GET,,folders,Extra,,,,,,unknown,unofficial,False,Local-only endpoint
"folders (alpha),uipathcloud",folders,folders,PUT,,folders,Extra,,,,,,unknown,unofficial,False,Local-only endpoint
"folders (alpha),uipathcloud",folders,folders,POST,,folders,Extra,,,,,,unknown,unofficial,False,Local-only endpoint
"folders (alpha),uipathcloud",folders,folders,DELETE,,folders,Extra,,,,,,unknown,unofficial,False,Local-only endpoint
"folders (alpha),uipathcloud",folders,folders,GET,,folders/{folder_id_int},Extra,,,,,,unknown,unofficial,False,Local-only endpoint
"oauth2,uipathcloud",debug,debug,GET,,debug,Extra,,,,,,unknown,unofficial,False,Local-only endpoint
"oauth2,uipathcloud",request_access_token_with_clientid,request_access_token_with_clientid,GET,,request_access_token_with_clientid,Extra,,,,,,unknown,unofficial,False,Local-only endpoint
"oauth2,uipathcloud",receive_authcode,receive_authcode,GET,,receive_authcode,Extra,,,,,,unknown,unofficial,False,Local-only endpoint
"oauth2,uipathcloud",request_access_token_with_refreshtoken_foo,request_access_token_with_refreshtoken_foo,GET,,request_access_token_with_refreshtoken_foo,Extra,,,,,,unknown,unofficial,False,Local-only endpoint
"oauth2,uipathcloud",request_openid_configuration,request_openid_configuration,GET,,request_openid_configuration,Extra,,,,,,unknown,unofficial,False,Local-only endpoint
"libraries (alpha),uipathcloud,debug",loop,loop,GET,,loop,Extra,,,,,,unknown,unofficial,False,Local-only endpoint
debug,info,info,GET,,info,Extra,,,,,,unknown,unofficial,False,Local-only endpoint
